enrollment_id,student_id,course_id,academic_year,semester,grade,attendance_rate,university
EA0001,SA012,CA004,2019,Spring,81%,"0,63",University A
EA0002,SA059,CA009,2020,Spring,Doksan,100%,University A
EA0003,SA065,CA005,2019,Spring,87,80%,University A
EA0004,SA071,CA013,2023,Spring,Seventy,0.78,University A
EA0005,SA041,CA012,2022,Spring,Ninety,0.75,University A
EA0006,SA068,CA015,2022,Fall,Ninety,%71,University A
EA0007,SA084,CA002,2021,Spring,70,0.62,University A
EA0008,SA056,CA002,2019,Spring,51%,"0,64",University A
EA0009,SA032,CA009,2022,Fall,89,"0,62",University A
EA0010,SA060,CA011,2021,Spring,Eighty,%69,University A
EA0011,SA089,CA005,2022,Spring,Altmış,68%,University A
EA0012,SA003,CA014,2022,Spring,50,"0,87",University A
EA0013,SA078,CA013,2021,Fall,Ninety,91%,University A
EA0014,SA057,CA001,2023,Spring,55%,58%,University A
EA0015,SA068,CA009,2021,Fall,68%,"0,73",University A
EA0016,SA087,CA012,2022,Spring,55,%66,University A
EA0017,SA082,CA006,2019,Fall,89%,%90,University A
EA0018,SA090,CA005,2022,Fall,69,%58,University A
EA0019,SA059,CA006,2023,Spring,87,67%,University A
EA0020,SA028,CA008,2022,Fall,93%,0.53,University A
EA0021,SA085,CA004,2023,Fall,Seventy,"0,87",University A
EA0022,SA030,CA006,2020,Fall,58%,0.89,University A
EA0023,SA046,CA013,2020,Spring,Ninety,%54,University A
EA0024,SA058,CA013,2021,Fall,78,92%,University A
EA0025,SA059,CA011,2019,Fall,80,54%,University A
EA0026,SA078,CA003,2019,Fall,90%,%79,University A
EA0027,SA013,CA013,2019,Fall,64%,96%,University A
EA0028,SA055,CA006,2021,Spring,59,"0,55",University A
EA0029,SA072,CA001,2023,Spring,72,68%,University A
EA0030,SA046,CA002,2023,Fall,64%,"0,68",University A
EA0031,SA055,CA014,2023,Fall,51%,0.84,University A
EA0032,SA024,CA014,2020,Spring,54,%76,University A
EA0033,SA044,CA003,2021,Spring,96,0.93,University A
EA0034,SA087,CA002,2021,Spring,88,82%,University A
EA0035,SA056,CA002,2021,Spring,64,"0,53",University A
EA0036,SA099,CA003,2021,Spring,81,95%,University A
EA0037,SA010,CA007,2019,Spring,70,0.78,University A
EA0038,SA052,CA001,2021,Fall,89,%87,University A
EA0039,SA068,CA002,2022,Spring,Seventy,"0,81",University A
EA0040,SA100,CA006,2021,Fall,Eighty,0.59,University A
EA0041,SA023,CA013,2022,Spring,87,91%,University A
EA0042,SA081,CA006,2020,Spring,78%,0.89,University A
EA0043,SA040,CA008,2022,Fall,53,0.8,University A
EA0044,SA058,CA015,2023,Fall,Doksan,0.97,University A
EA0045,SA065,CA011,2020,Fall,Altmış,74%,University A
EA0046,SA087,CA010,2019,Spring,85,"0,85",University A
EA0047,SA043,CA002,2023,Fall,94,%69,University A
EA0048,SA083,CA013,2021,Fall,91,"0,51",University A
EA0049,SA044,CA013,2022,Fall,59%,0.91,University A
EA0050,SA085,CA006,2023,Fall,Altmış,%96,University A
EA0051,SA006,CA007,2021,Fall,98,"0,62",University A
EA0052,SA048,CA011,2023,Spring,74,88%,University A
EA0053,SA007,CA011,2022,Spring,85,"0,87",University A
EA0054,SA056,CA002,2020,Spring,53,"0,62",University A
EA0055,SA004,CA006,2019,Spring,58%,%98,University A
EA0056,SA058,CA010,2019,Fall,59,0.55,University A
EA0057,SA031,CA007,2023,Spring,54,95%,University A
EA0058,SA055,CA001,2023,Spring,65,0.76,University A
EA0059,SA050,CA014,2022,Fall,90,0.67,University A
EA0060,SA099,CA010,2021,Fall,Seventy,"0,84",University A
EA0061,SA018,CA002,2022,Fall,Ninety,%82,University A
EA0062,SA070,CA008,2021,Fall,98,%73,University A
EA0063,SA052,CA012,2022,Spring,94,%55,University A
EA0064,SA011,CA007,2023,Fall,84,%88,University A
EA0065,SA022,CA012,2022,Spring,72,%54,University A
EA0066,SA047,CA009,2020,Fall,100,99%,University A
EA0067,SA047,CA007,2023,Fall,93%,86%,University A
EA0068,SA051,CA006,2021,Fall,61,57%,University A
EA0069,SA091,CA008,2020,Spring,Altmış,0.92,University A
EA0070,SA088,CA014,2021,Spring,85%,"0,92",University A
EA0071,SA047,CA009,2020,Fall,100,"0,77",University A
EA0072,SA079,CA015,2019,Fall,96,"0,88",University A
EA0073,SA041,CA011,2019,Spring,Doksan,0.88,University A
EA0074,SA067,CA003,2021,Fall,95%,68%,University A
EA0075,SA026,CA011,2023,Spring,58,"0,58",University A
EA0076,SA085,CA010,2023,Spring,86,"0,88",University A
EA0077,SA099,CA010,2022,Fall,68%,93%,University A
EA0078,SA059,CA002,2019,Fall,Altmış,95%,University A
EA0079,SA052,CA003,2021,Fall,79%,%68,University A
EA0080,SA079,CA007,2020,Fall,Doksan,%79,University A
EA0081,SA040,CA008,2019,Fall,Doksan,%81,University A
EA0082,SA037,CA009,2019,Fall,66%,"0,68",University A
EA0083,SA047,CA009,2021,Fall,78%,"0,81",University A
EA0084,SA013,CA007,2021,Spring,Seventy,0.8,University A
EA0085,SA018,CA012,2021,Spring,Altmış,60%,University A
EA0086,SA076,CA006,2023,Spring,95,76%,University A
EA0087,SA093,CA014,2019,Spring,66,%96,University A
EA0088,SA019,CA014,2020,Fall,51,%63,University A
EA0089,SA065,CA013,2023,Spring,Eighty,%83,University A
EA0090,SA041,CA003,2022,Spring,93%,65%,University A
EA0091,SA029,CA005,2021,Fall,70%,96%,University A
EA0092,SA016,CA010,2023,Spring,99%,%72,University A
EA0093,SA084,CA005,2022,Fall,67%,"0,8",University A
EA0094,SA007,CA011,2023,Fall,56,"0,73",University A
EA0095,SA001,CA009,2020,Spring,Altmış,0.87,University A
EA0096,SA099,CA002,2023,Fall,Eighty,%100,University A
EA0097,SA024,CA015,2021,Fall,50,%91,University A
EA0098,SA018,CA014,2023,Spring,Ninety,0.86,University A
EA0099,SA095,CA006,2021,Fall,75,"0,54",University A
EA0100,SA018,CA008,2021,Fall,65,0.87,University A
EA0101,SA034,CA011,2021,Fall,Eighty,95%,University A
EA0102,SA089,CA002,2021,Spring,58,%73,University A
EA0103,SA090,CA009,2022,Fall,98,0.76,University A
EA0104,SA008,CA014,2023,Fall,59%,%63,University A
EA0105,SA012,CA015,2023,Spring,82,79%,University A
EA0106,SA093,CA001,2022,Spring,50,0.71,University A
EA0107,SA061,CA001,2021,Spring,91,%74,University A
EA0108,SA011,CA011,2023,Fall,61,0.76,University A
EA0109,SA039,CA008,2023,Spring,65,0.67,University A
EA0110,SA005,CA013,2022,Fall,65,0.72,University A
EA0111,SA052,CA008,2020,Fall,58%,86%,University A
EA0112,SA031,CA005,2020,Fall,Seventy,81%,University A
EA0113,SA083,CA011,2022,Spring,76%,"0,87",University A
EA0114,SA039,CA014,2020,Spring,Doksan,0.69,University A
EA0115,SA058,CA014,2021,Fall,67,"0,8",University A
EA0116,SA062,CA004,2021,Spring,50,"0,87",University A
EA0117,SA051,CA015,2020,Spring,74%,0.65,University A
EA0118,SA093,CA008,2021,Fall,Seventy,%87,University A
EA0119,SA038,CA003,2020,Spring,65,%66,University A
EA0120,SA093,CA011,2022,Spring,58,0.59,University A
EA0121,SA010,CA014,2019,Fall,76,82%,University A
EA0122,SA008,CA010,2023,Spring,50,67%,University A
EA0123,SA003,CA009,2022,Fall,Eighty,%67,University A
EA0124,SA011,CA006,2022,Spring,94%,0.84,University A
EA0125,SA012,CA007,2022,Spring,85,77%,University A
EA0126,SA073,CA014,2019,Fall,86,0.63,University A
EA0127,SA023,CA015,2021,Fall,98,%65,University A
EA0128,SA087,CA015,2023,Spring,74,%56,University A
EA0129,SA030,CA014,2019,Spring,88%,"0,63",University A
EA0130,SA046,CA009,2022,Spring,61,0.88,University A
EA0131,SA011,CA005,2020,Spring,97%,69%,University A
EA0132,SA098,CA005,2019,Fall,78,85%,University A
EA0133,SA050,CA001,2021,Spring,Eighty,"0,58",University A
EA0134,SA035,CA005,2021,Spring,60%,54%,University A
EA0135,SA032,CA012,2022,Fall,79,89%,University A
EA0136,SA057,CA006,2022,Fall,Seventy,75%,University A
EA0137,SA095,CA012,2022,Fall,100,"0,96",University A
EA0138,SA088,CA013,2023,Fall,63,%100,University A
EA0139,SA087,CA008,2020,Spring,59,%80,University A
EA0140,SA069,CA009,2022,Fall,100,"0,62",University A
EA0141,SA083,CA010,2019,Spring,98,"0,63",University A
EA0142,SA058,CA006,2022,Spring,Doksan,%68,University A
EA0143,SA011,CA002,2020,Spring,Seventy,%78,University A
EA0144,SA041,CA002,2021,Fall,95,"0,58",University A
EA0145,SA071,CA003,2021,Spring,Ninety,"0,82",University A
EA0146,SA058,CA010,2022,Spring,50,84%,University A
EA0147,SA042,CA004,2022,Fall,83%,87%,University A
EA0148,SA046,CA014,2022,Fall,93,0.83,University A
EA0149,SA024,CA006,2020,Spring,86,"0,74",University A
EA0150,SA072,CA003,2022,Spring,58,"0,97",University A
EA0151,SA050,CA009,2023,Spring,95,"0,54",University A
EA0152,SA038,CA001,2021,Fall,99,0.78,University A
EA0153,SA074,CA002,2021,Spring,96,"0,98",University A
EA0154,SA039,CA014,2019,Spring,66,97%,University A
EA0155,SA091,CA010,2022,Fall,Ninety,"0,78",University A
EA0156,SA042,CA012,2021,Spring,86,76%,University A
EA0157,SA084,CA003,2020,Fall,98,%90,University A
EA0158,SA049,CA008,2019,Fall,97%,0.72,University A
EA0159,SA094,CA008,2021,Fall,63,70%,University A
EA0160,SA071,CA010,2020,Spring,100,0.52,University A
EA0161,SA021,CA008,2022,Fall,94%,67%,University A
EA0162,SA033,CA002,2021,Fall,Altmış,"0,54",University A
EA0163,SA062,CA002,2020,Fall,50%,"0,98",University A
EA0164,SA062,CA002,2020,Spring,56%,"0,57",University A
EA0165,SA083,CA011,2020,Fall,Doksan,"0,85",University A
EA0166,SA053,CA010,2022,Fall,55,"0,69",University A
EA0167,SA032,CA005,2019,Fall,88%,"0,84",University A
EA0168,SA067,CA010,2023,Fall,97,%81,University A
EA0169,SA015,CA004,2022,Fall,Eighty,"0,91",University A
EA0170,SA098,CA008,2019,Fall,Eighty,100%,University A
EA0171,SA081,CA012,2023,Spring,Altmış,"0,65",University A
EA0172,SA069,CA006,2022,Fall,69,0.62,University A
EA0173,SA040,CA011,2020,Fall,Ninety,83%,University A
EA0174,SA022,CA006,2020,Spring,99%,0.9,University A
EA0175,SA064,CA008,2023,Spring,86%,0.58,University A
EA0176,SA030,CA012,2023,Fall,52,%52,University A
EA0177,SA029,CA006,2020,Spring,67%,"0,83",University A
EA0178,SA067,CA001,2022,Fall,99%,73%,University A
EA0179,SA073,CA013,2021,Fall,Seventy,"0,77",University A
EA0180,SA001,CA015,2022,Fall,64,92%,University A
EA0181,SA014,CA004,2023,Fall,53%,83%,University A
EA0182,SA059,CA012,2019,Fall,82,"0,53",University A
EA0183,SA038,CA005,2021,Spring,70%,0.61,University A
EA0184,SA020,CA002,2020,Spring,76%,69%,University A
EA0185,SA016,CA002,2020,Spring,52%,0.57,University A
EA0186,SA087,CA005,2021,Fall,Altmış,0.55,University A
EA0187,SA002,CA001,2020,Fall,62,0.79,University A
EA0188,SA026,CA015,2022,Fall,52,%96,University A
EA0189,SA064,CA001,2022,Spring,63%,"0,93",University A
EA0190,SA083,CA005,2022,Spring,53%,"0,71",University A
EA0191,SA081,CA013,2023,Fall,84,70%,University A
EA0192,SA024,CA001,2021,Fall,53%,"0,99",University A
EA0193,SA085,CA004,2021,Fall,86%,"0,99",University A
EA0194,SA076,CA006,2021,Fall,Seventy,81%,University A
EA0195,SA023,CA008,2019,Fall,53,"0,5",University A
EA0196,SA044,CA012,2020,Spring,Eighty,73%,University A
EA0197,SA091,CA011,2022,Fall,Seventy,90%,University A
EA0198,SA023,CA012,2023,Spring,61%,0.86,University A
EA0199,SA090,CA010,2022,Fall,Doksan,81%,University A
EA0200,SA096,CA002,2020,Spring,90%,0.72,University A
EA0201,SA045,CA005,2019,Fall,96,81%,University A
EA0202,SA070,CA007,2019,Spring,Doksan,0.58,University A
EA0203,SA041,CA005,2019,Fall,71,%71,University A
EA0204,SA091,CA001,2022,Fall,88,76%,University A
EA0205,SA085,CA005,2021,Fall,86,77%,University A
EA0206,SA085,CA011,2023,Spring,Eighty,80%,University A
EA0207,SA051,CA008,2022,Spring,74%,78%,University A
EA0208,SA057,CA008,2021,Fall,67,"0,67",University A
EA0209,SA071,CA001,2022,Spring,65,"0,69",University A
EA0210,SA016,CA013,2022,Fall,60,"0,98",University A
EA0211,SA077,CA005,2021,Fall,85%,%100,University A
EA0212,SA015,CA007,2020,Fall,86,56%,University A
EA0213,SA069,CA015,2021,Spring,81,%89,University A
EA0214,SA005,CA007,2021,Fall,53,%67,University A
EA0215,SA090,CA011,2019,Fall,97%,"0,7",University A
EA0216,SA057,CA004,2022,Spring,Doksan,0.53,University A
EA0217,SA023,CA004,2020,Fall,79%,%82,University A
EA0218,SA082,CA015,2019,Fall,88,87%,University A
EA0219,SA045,CA003,2021,Fall,Eighty,"0,88",University A
EA0220,SA087,CA004,2021,Spring,82,0.73,University A
EA0221,SA029,CA005,2023,Spring,77%,%93,University A
EA0222,SA075,CA002,2019,Spring,88%,71%,University A
EA0223,SA036,CA005,2021,Fall,59,88%,University A
EA0224,SA088,CA003,2019,Spring,75,86%,University A
EA0225,SA093,CA012,2020,Spring,Seventy,0.91,University A
EA0226,SA061,CA003,2021,Fall,Seventy,69%,University A
EA0227,SA048,CA005,2023,Spring,79,%93,University A
EA0228,SA068,CA005,2022,Fall,71,79%,University A
EA0229,SA092,CA003,2019,Spring,71,"0,63",University A
EA0230,SA074,CA013,2020,Spring,89,0.81,University A
EA0231,SA005,CA009,2020,Spring,Seventy,"0,5",University A
EA0232,SA089,CA015,2021,Spring,74%,%68,University A
EA0233,SA094,CA009,2023,Spring,71%,"0,58",University A
EA0234,SA029,CA012,2020,Fall,Eighty,%52,University A
EA0235,SA082,CA005,2023,Fall,88,0.52,University A
EA0236,SA071,CA005,2022,Fall,63,"0,63",University A
EA0237,SA054,CA014,2019,Fall,56,"0,6",University A
EA0238,SA046,CA012,2022,Spring,Eighty,0.84,University A
EA0239,SA086,CA002,2019,Spring,59,"0,55",University A
EA0240,SA059,CA005,2021,Spring,61%,0.68,University A
EA0241,SA013,CA014,2019,Fall,72,96%,University A
EA0242,SA044,CA003,2019,Spring,74,"0,82",University A
EA0243,SA090,CA012,2019,Fall,80,0.59,University A
EA0244,SA088,CA015,2020,Spring,81,"0,82",University A
EA0245,SA086,CA014,2021,Fall,72,0.57,University A
EA0246,SA083,CA015,2020,Spring,98,"0,66",University A
EA0247,SA071,CA011,2022,Spring,78,%57,University A
EA0248,SA096,CA011,2019,Fall,75,89%,University A
EA0249,SA066,CA009,2020,Spring,64,88%,University A
EA0250,SA092,CA008,2019,Fall,50%,68%,University A
EA0251,SA090,CA002,2019,Fall,97,%57,University A
EA0252,SA028,CA008,2020,Spring,56,"0,72",University A
EA0253,SA064,CA001,2023,Fall,Altmış,%56,University A
EA0254,SA085,CA010,2023,Spring,Altmış,"0,97",University A
EA0255,SA018,CA007,2023,Spring,Doksan,68%,University A
EA0256,SA087,CA003,2020,Spring,72,95%,University A
EA0257,SA055,CA013,2019,Fall,51,60%,University A
EA0258,SA019,CA014,2019,Spring,72,"0,93",University A
EA0259,SA096,CA011,2023,Spring,100%,%74,University A
EA0260,SA088,CA006,2023,Fall,89,95%,University A
EA0261,SA097,CA010,2023,Fall,Ninety,0.98,University A
EA0262,SA049,CA001,2022,Spring,58%,"0,73",University A
EA0263,SA042,CA010,2019,Spring,81,0.88,University A
EA0264,SA065,CA003,2022,Spring,64%,%89,University A
EA0265,SA072,CA014,2019,Fall,Seventy,0.97,University A
EA0266,SA050,CA005,2023,Spring,73,91%,University A
EA0267,SA066,CA002,2019,Fall,99,%93,University A
EA0268,SA014,CA004,2023,Spring,Eighty,0.51,University A
EA0269,SA007,CA003,2021,Fall,76,%51,University A
EA0270,SA087,CA002,2023,Fall,91,82%,University A
EA0271,SA088,CA005,2023,Fall,68,%97,University A
EA0272,SA070,CA005,2020,Spring,Seventy,0.56,University A
EA0273,SA040,CA004,2021,Fall,Doksan,"0,91",University A
EA0274,SA086,CA013,2023,Fall,98,%62,University A
EA0275,SA043,CA006,2020,Fall,Seventy,89%,University A
EA0276,SA089,CA010,2020,Spring,60%,%91,University A
EA0277,SA036,CA014,2021,Fall,79,"0,65",University A
EA0278,SA083,CA010,2019,Spring,58,0.86,University A
EA0279,SA075,CA010,2022,Fall,84,75%,University A
EA0280,SA018,CA008,2023,Fall,Seventy,"0,9",University A
EA0281,SA097,CA009,2020,Spring,Ninety,"0,74",University A
EA0282,SA098,CA008,2020,Fall,Seventy,%80,University A
EA0283,SA006,CA001,2021,Fall,90%,%91,University A
EA0284,SA047,CA010,2019,Spring,83%,0.9,University A
EA0285,SA065,CA015,2020,Spring,54%,0.6,University A
EA0286,SA085,CA004,2022,Spring,93,0.73,University A
EA0287,SA032,CA001,2020,Fall,Doksan,%83,University A
EA0288,SA077,CA010,2019,Spring,88,"0,58",University A
EA0289,SA075,CA014,2020,Spring,60,"0,69",University A
EA0290,SA067,CA014,2023,Spring,61,0.94,University A
EA0291,SA012,CA008,2020,Fall,83%,%64,University A
EA0292,SA099,CA007,2021,Fall,Ninety,%84,University A
EA0293,SA033,CA004,2019,Fall,86,70%,University A
EA0294,SA014,CA003,2022,Spring,77%,"0,99",University A
EA0295,SA053,CA009,2023,Spring,85,%99,University A
EA0296,SA095,CA003,2019,Fall,63,0.89,University A
EA0297,SA021,CA007,2019,Fall,59,0.53,University A
EA0298,SA093,CA007,2022,Spring,Doksan,62%,University A
EA0299,SA025,CA001,2023,Fall,93%,60%,University A
EA0300,SA100,CA007,2021,Spring,75,55%,University A
EA0301,SA093,CA014,2023,Spring,Seventy,"0,7",University A
EA0302,SA053,CA009,2019,Fall,71%,%66,University A
EA0303,SA049,CA010,2022,Fall,79,80%,University A
EA0304,SA009,CA007,2020,Fall,70,%55,University A
EA0305,SA087,CA012,2021,Fall,80%,"0,78",University A
EA0306,SA064,CA012,2020,Fall,Ninety,"0,62",University A
EA0307,SA100,CA002,2019,Fall,93,70%,University A
EA0308,SA063,CA003,2023,Spring,Ninety,0.53,University A
EA0309,SA065,CA006,2022,Fall,83,%63,University A
EA0310,SA075,CA002,2021,Spring,61%,89%,University A
EA0311,SA024,CA008,2022,Fall,73%,"0,78",University A
EA0312,SA013,CA012,2021,Fall,Altmış,"0,86",University A
EA0313,SA054,CA008,2020,Spring,100,53%,University A
EA0314,SA061,CA014,2019,Spring,66%,0.77,University A
EA0315,SA053,CA002,2021,Fall,Doksan,%93,University A
EA0316,SA100,CA012,2022,Fall,Doksan,%76,University A
EA0317,SA010,CA002,2020,Spring,70%,%67,University A
EA0318,SA100,CA014,2021,Spring,Ninety,0.86,University A
EA0319,SA027,CA003,2022,Fall,56,0.51,University A
EA0320,SA034,CA010,2020,Fall,Altmış,"0,72",University A
EA0321,SA004,CA001,2021,Spring,67,%61,University A
EA0322,SA081,CA012,2023,Spring,72,78%,University A
EA0323,SA053,CA005,2020,Spring,Eighty,%94,University A
EA0324,SA097,CA008,2021,Fall,Altmış,%76,University A
EA0325,SA051,CA004,2020,Spring,55,89%,University A
EA0326,SA037,CA011,2023,Spring,Ninety,89%,University A
EA0327,SA090,CA010,2022,Fall,70,%58,University A
EA0328,SA094,CA001,2020,Fall,81%,%73,University A
EA0329,SA090,CA013,2019,Spring,67,%66,University A
EA0330,SA002,CA002,2020,Spring,99,"0,86",University A
EA0331,SA061,CA007,2021,Spring,60,0.62,University A
EA0332,SA086,CA004,2019,Fall,Altmış,"0,79",University A
EA0333,SA002,CA001,2023,Spring,94,93%,University A
EA0334,SA098,CA011,2019,Fall,72,85%,University A
EA0335,SA057,CA012,2020,Fall,Altmış,95%,University A
EA0336,SA070,CA012,2022,Fall,84%,"0,63",University A
EA0337,SA009,CA009,2020,Spring,73,"0,81",University A
EA0338,SA003,CA010,2021,Fall,84,"0,83",University A
EA0339,SA079,CA005,2021,Spring,91,"0,96",University A
EA0340,SA014,CA008,2020,Fall,74,66%,University A
EA0341,SA029,CA010,2019,Fall,63,0.68,University A
EA0342,SA079,CA005,2023,Fall,Eighty,%64,University A
EA0343,SA025,CA004,2023,Fall,97,%72,University A
EA0344,SA090,CA011,2022,Fall,85%,88%,University A
EA0345,SA041,CA009,2021,Spring,Altmış,99%,University A
EA0346,SA047,CA008,2022,Spring,50,69%,University A
EA0347,SA029,CA004,2021,Fall,Seventy,59%,University A
EA0348,SA047,CA015,2023,Fall,55,54%,University A
EA0349,SA062,CA003,2022,Fall,96,99%,University A
EA0350,SA056,CA007,2019,Fall,90,"0,76",University A
EA0351,SA042,CA009,2020,Fall,53,"0,64",University A
EA0352,SA044,CA002,2022,Fall,55,"0,88",University A
EA0353,SA062,CA009,2020,Spring,Doksan,0.62,University A
EA0354,SA015,CA011,2022,Spring,62%,69%,University A
EA0355,SA079,CA014,2022,Fall,64%,0.58,University A
EA0356,SA032,CA010,2020,Spring,94%,"0,51",University A
EA0357,SA027,CA009,2023,Spring,Altmış,0.84,University A
EA0358,SA033,CA003,2019,Spring,53,74%,University A
EA0359,SA085,CA014,2021,Fall,Seventy,95%,University A
EA0360,SA063,CA014,2023,Fall,61,%71,University A
EA0361,SA051,CA012,2020,Fall,72%,0.62,University A
EA0362,SA081,CA005,2022,Fall,64%,%96,University A
EA0363,SA067,CA011,2023,Fall,59,"0,95",University A
EA0364,SA027,CA011,2020,Fall,Seventy,"0,95",University A
EA0365,SA041,CA002,2023,Fall,61,76%,University A
EA0366,SA057,CA012,2021,Fall,Ninety,"0,98",University A
EA0367,SA077,CA004,2020,Fall,99,80%,University A
EA0368,SA024,CA014,2022,Spring,Ninety,%67,University A
EA0369,SA029,CA012,2020,Fall,89,%77,University A
EA0370,SA100,CA001,2023,Spring,96,%65,University A
EA0371,SA095,CA001,2023,Spring,68,"0,65",University A
EA0372,SA055,CA005,2023,Fall,79,"0,75",University A
EA0373,SA051,CA007,2021,Spring,Ninety,"0,54",University A
EA0374,SA092,CA012,2019,Fall,57,"0,69",University A
EA0375,SA049,CA009,2022,Fall,Ninety,0.58,University A
EA0376,SA054,CA005,2021,Spring,Ninety,%79,University A
EA0377,SA064,CA009,2019,Spring,92,0.72,University A
EA0378,SA032,CA015,2023,Spring,Doksan,0.57,University A
EA0379,SA086,CA010,2023,Spring,56,"0,58",University A
EA0380,SA059,CA012,2023,Spring,99%,%98,University A
EA0381,SA071,CA002,2021,Spring,94%,0.76,University A
EA0382,SA014,CA010,2023,Fall,100%,66%,University A
EA0383,SA017,CA010,2023,Spring,Altmış,0.85,University A
EA0384,SA060,CA011,2019,Fall,76%,"0,89",University A
EA0385,SA089,CA005,2021,Fall,82%,%71,University A
EA0386,SA093,CA010,2023,Fall,71,%58,University A
EA0387,SA020,CA011,2022,Spring,97%,0.78,University A
EA0388,SA027,CA010,2021,Spring,67%,%86,University A
EA0389,SA024,CA010,2019,Spring,95%,%73,University A
EA0390,SA039,CA004,2023,Spring,61,0.88,University A
EA0391,SA062,CA015,2023,Fall,80%,"0,57",University A
EA0392,SA027,CA012,2019,Spring,57%,88%,University A
EA0393,SA060,CA015,2019,Fall,51%,62%,University A
EA0394,SA036,CA009,2021,Spring,Eighty,0.63,University A
EA0395,SA027,CA009,2021,Spring,Ninety,%84,University A
EA0396,SA007,CA003,2019,Spring,93,%88,University A
EA0397,SA079,CA006,2021,Spring,98,0.78,University A
EA0398,SA059,CA005,2022,Spring,59%,94%,University A
EA0399,SA042,CA008,2022,Fall,72,"0,58",University A
EA0400,SA066,CA002,2022,Fall,91%,"0,7",University A
EA0401,SA071,CA003,2022,Spring,94,"0,71",University A
EA0402,SA023,CA011,2019,Spring,88%,%69,University A
EA0403,SA009,CA010,2019,Spring,70,0.54,University A
EA0404,SA097,CA003,2020,Spring,89,70%,University A
EA0405,SA056,CA012,2021,Fall,82,0.92,University A
EA0406,SA001,CA012,2023,Spring,65,%95,University A
EA0407,SA052,CA007,2022,Fall,Ninety,"0,91",University A
EA0408,SA037,CA014,2020,Fall,Eighty,0.85,University A
EA0409,SA018,CA011,2022,Spring,Doksan,78%,University A
EA0410,SA029,CA003,2022,Fall,96%,0.7,University A
EA0411,SA073,CA008,2021,Fall,Altmış,98%,University A
EA0412,SA060,CA009,2019,Fall,65,0.84,University A
EA0413,SA044,CA009,2019,Spring,80%,"0,97",University A
EA0414,SA005,CA012,2023,Spring,53,0.78,University A
EA0415,SA037,CA008,2019,Fall,100%,0.56,University A
EA0416,SA078,CA003,2023,Fall,73%,0.88,University A
EA0417,SA044,CA002,2020,Fall,Altmış,60%,University A
EA0418,SA007,CA011,2021,Fall,75,"0,87",University A
EA0419,SA049,CA011,2022,Spring,66,74%,University A
EA0420,SA068,CA011,2019,Fall,77%,%66,University A
EA0421,SA060,CA013,2020,Fall,Seventy,0.65,University A
EA0422,SA053,CA002,2023,Fall,72%,0.62,University A
EA0423,SA077,CA011,2020,Fall,Eighty,"0,87",University A
EA0424,SA015,CA012,2020,Spring,54,77%,University A
EA0425,SA033,CA003,2019,Spring,74%,%61,University A
EA0426,SA009,CA008,2020,Spring,59,78%,University A
EA0427,SA014,CA001,2019,Fall,86,0.94,University A
EA0428,SA086,CA007,2021,Fall,94,%80,University A
EA0429,SA052,CA014,2019,Fall,99,72%,University A
EA0430,SA052,CA001,2019,Spring,55%,"0,59",University A
EA0431,SA039,CA012,2022,Fall,55,"0,57",University A
EA0432,SA063,CA007,2019,Spring,81,%52,University A
EA0433,SA016,CA004,2023,Spring,Doksan,0.95,University A
EA0434,SA061,CA015,2023,Fall,65,"0,9",University A
EA0435,SA076,CA002,2019,Fall,81,%93,University A
EA0436,SA042,CA002,2023,Fall,Ninety,%98,University A
EA0437,SA022,CA012,2021,Fall,Ninety,"0,92",University A
EA0438,SA003,CA015,2022,Fall,61%,"0,9",University A
EA0439,SA027,CA003,2021,Spring,76,89%,University A
EA0440,SA045,CA007,2019,Fall,83%,%64,University A
EA0441,SA099,CA011,2020,Spring,Ninety,"0,97",University A
EA0442,SA021,CA011,2019,Fall,63,0.62,University A
EA0443,SA014,CA012,2019,Fall,60,78%,University A
EA0444,SA054,CA004,2021,Fall,99,"0,7",University A
EA0445,SA010,CA008,2023,Spring,63,"0,68",University A
EA0446,SA081,CA006,2021,Fall,71,%79,University A
EA0447,SA022,CA013,2021,Fall,Doksan,%55,University A
EA0448,SA067,CA008,2020,Spring,96,"0,62",University A
EA0449,SA076,CA003,2023,Fall,76,%56,University A
EA0450,SA064,CA004,2019,Fall,63%,%51,University A
EA0451,SA086,CA005,2020,Spring,79,75%,University A
EA0452,SA081,CA008,2019,Fall,83%,"0,63",University A
EA0453,SA088,CA002,2023,Spring,82%,0.94,University A
EA0454,SA047,CA006,2020,Fall,Ninety,"0,82",University A
EA0455,SA097,CA012,2020,Spring,93,%78,University A
EA0456,SA065,CA009,2019,Spring,93%,0.72,University A
EA0457,SA025,CA015,2022,Fall,55,%59,University A
EA0458,SA020,CA014,2020,Fall,Altmış,0.73,University A
EA0459,SA038,CA004,2019,Fall,71,%70,University A
EA0460,SA076,CA011,2023,Spring,86%,80%,University A
EA0461,SA099,CA014,2019,Fall,Seventy,"0,64",University A
EA0462,SA021,CA004,2019,Fall,58%,95%,University A
EA0463,SA045,CA003,2021,Spring,84,"0,7",University A
EA0464,SA059,CA015,2021,Fall,82%,"0,64",University A
EA0465,SA073,CA012,2022,Spring,94,%51,University A
EA0466,SA080,CA014,2020,Spring,Eighty,"0,61",University A
EA0467,SA003,CA002,2023,Spring,Eighty,82%,University A
EA0468,SA051,CA003,2022,Spring,50%,"0,98",University A
EA0469,SA094,CA015,2022,Spring,96,0.86,University A
EA0470,SA019,CA004,2021,Spring,87,"0,7",University A
EA0471,SA072,CA008,2023,Fall,68,%69,University A
EA0472,SA072,CA012,2022,Fall,59%,80%,University A
EA0473,SA054,CA003,2022,Fall,67,%73,University A
EA0474,SA073,CA007,2021,Spring,94,53%,University A
EA0475,SA060,CA015,2020,Spring,73,53%,University A
EA0476,SA068,CA011,2019,Fall,Ninety,93%,University A
EA0477,SA088,CA012,2021,Fall,84,%81,University A
EA0478,SA044,CA015,2020,Fall,Ninety,0.89,University A
EA0479,SA054,CA008,2019,Fall,80%,78%,University A
EA0480,SA023,CA012,2021,Fall,Eighty,0.84,University A
EA0481,SA055,CA012,2019,Fall,51,0.6,University A
EA0482,SA061,CA002,2021,Fall,54,"0,95",University A
EA0483,SA024,CA011,2021,Fall,97%,"0,92",University A
EA0484,SA065,CA010,2019,Fall,Eighty,0.97,University A
EA0485,SA093,CA002,2020,Spring,73,"0,67",University A
EA0486,SA066,CA004,2022,Fall,98,73%,University A
EA0487,SA072,CA012,2019,Fall,57%,"0,86",University A
EA0488,SA071,CA007,2021,Spring,80%,0.59,University A
EA0489,SA051,CA008,2023,Fall,57,60%,University A
EA0490,SA026,CA006,2020,Spring,96,87%,University A
EA0491,SA097,CA013,2022,Spring,75%,%66,University A
EA0492,SA064,CA004,2020,Fall,56,"0,69",University A
EA0493,SA039,CA010,2023,Fall,98,%81,University A
EA0494,SA065,CA005,2023,Spring,84,%74,University A
EA0495,SA041,CA014,2022,Spring,52%,77%,University A
EA0496,SA092,CA007,2022,Fall,85,%53,University A
EA0497,SA034,CA008,2023,Spring,99%,58%,University A
EA0498,SA095,CA010,2019,Spring,77%,"0,53",University A
EA0499,SA083,CA005,2023,Fall,69%,%79,University A
EA0500,SA073,CA009,2022,Spring,87%,%56,University A
EA0501,SA013,CA012,2020,Spring,98%,%62,University A
EA0502,SA082,CA014,2019,Fall,69,0.89,University A
EA0503,SA076,CA006,2021,Fall,Doksan,69%,University A
EA0504,SA056,CA011,2023,Spring,66,"0,77",University A
EA0505,SA074,CA008,2020,Spring,99,"0,86",University A
EA0506,SA047,CA008,2020,Fall,77%,%63,University A
EA0507,SA035,CA014,2021,Fall,Doksan,%69,University A
EA0508,SA063,CA009,2022,Spring,62%,"0,63",University A
EA0509,SA083,CA014,2019,Spring,53%,0.79,University A
EA0510,SA051,CA014,2020,Fall,57,99%,University A
EA0511,SA064,CA015,2019,Fall,99%,"0,86",University A
EA0512,SA055,CA004,2020,Fall,78,81%,University A
EA0513,SA090,CA002,2021,Spring,Ninety,0.68,University A
EA0514,SA095,CA011,2019,Fall,74%,%65,University A
EA0515,SA050,CA001,2022,Spring,98%,78%,University A
EA0516,SA099,CA011,2022,Fall,81,%95,University A
EA0517,SA013,CA014,2020,Spring,72%,"0,51",University A
EA0518,SA081,CA008,2020,Fall,90%,"0,55",University A
EA0519,SA077,CA011,2022,Spring,97%,"0,79",University A
EA0520,SA011,CA007,2021,Fall,75,"0,95",University A
EA0521,SA012,CA008,2020,Spring,75,0.79,University A
EA0522,SA002,CA012,2023,Spring,99,100%,University A
EA0523,SA096,CA008,2022,Fall,88%,"0,59",University A
EA0524,SA004,CA005,2021,Fall,73,%94,University A
EA0525,SA088,CA004,2022,Spring,97,65%,University A
EA0526,SA078,CA011,2023,Fall,89,0.65,University A
EA0527,SA075,CA003,2021,Fall,Altmış,77%,University A
EA0528,SA015,CA006,2019,Fall,73,89%,University A
EA0529,SA067,CA006,2022,Fall,59,0.53,University A
EA0530,SA061,CA005,2020,Spring,52,%79,University A
EA0531,SA015,CA014,2020,Fall,Eighty,"0,87",University A
EA0532,SA075,CA001,2023,Fall,99,0.83,University A
EA0533,SA051,CA006,2023,Fall,55,79%,University A
EA0534,SA077,CA011,2019,Spring,Doksan,91%,University A
EA0535,SA008,CA012,2019,Spring,Altmış,"0,92",University A
EA0536,SA021,CA007,2022,Spring,69,"0,86",University A
EA0537,SA046,CA011,2019,Spring,78,%55,University A
EA0538,SA048,CA010,2020,Spring,55%,"0,83",University A
EA0539,SA064,CA009,2023,Fall,55,"0,98",University A
EA0540,SA067,CA007,2021,Fall,85,79%,University A
EA0541,SA046,CA005,2023,Fall,57,0.59,University A
EA0542,SA054,CA015,2021,Spring,92,"0,63",University A
EA0543,SA011,CA012,2023,Spring,93,%91,University A
EA0544,SA059,CA012,2022,Spring,73,"0,54",University A
EA0545,SA015,CA014,2019,Fall,Ninety,"0,71",University A
EA0546,SA012,CA005,2022,Fall,Altmış,%81,University A
EA0547,SA003,CA014,2022,Fall,62,%77,University A
EA0548,SA064,CA012,2023,Spring,81,51%,University A
EA0549,SA071,CA002,2021,Spring,81%,"0,71",University A
EA0550,SA061,CA006,2022,Fall,87%,%92,University A
EA0551,SA017,CA015,2021,Spring,Seventy,%55,University A
EA0552,SA017,CA003,2020,Fall,100,0.96,University A
EA0553,SA003,CA006,2021,Spring,93,"0,67",University A
EA0554,SA016,CA009,2020,Spring,66,0.88,University A
EA0555,SA091,CA001,2022,Spring,98,0.9,University A
EA0556,SA027,CA015,2021,Fall,78,91%,University A
EA0557,SA018,CA002,2020,Spring,65%,%73,University A
EA0558,SA047,CA011,2020,Fall,Doksan,76%,University A
EA0559,SA004,CA008,2020,Fall,54%,0.65,University A
EA0560,SA051,CA013,2019,Fall,90%,94%,University A
EA0561,SA093,CA012,2021,Spring,Seventy,%84,University A
EA0562,SA090,CA006,2022,Fall,52%,58%,University A
EA0563,SA028,CA002,2023,Spring,Seventy,84%,University A
EA0564,SA031,CA014,2021,Spring,96%,0.63,University A
EA0565,SA058,CA005,2023,Fall,Seventy,"0,64",University A
EA0566,SA092,CA007,2023,Fall,Seventy,%59,University A
EA0567,SA053,CA002,2019,Fall,63,%87,University A
EA0568,SA034,CA010,2022,Spring,Altmış,"0,56",University A
EA0569,SA091,CA009,2023,Fall,94,%57,University A
EA0570,SA015,CA002,2021,Spring,59%,0.65,University A
EA0571,SA019,CA003,2023,Spring,Seventy,57%,University A
EA0572,SA009,CA014,2019,Spring,86,"0,88",University A
EA0573,SA098,CA003,2023,Spring,Altmış,%92,University A
EA0574,SA050,CA004,2022,Spring,92%,95%,University A
EA0575,SA072,CA011,2019,Fall,62,0.97,University A
EA0576,SA016,CA011,2023,Fall,Seventy,0.91,University A
EA0577,SA069,CA010,2021,Spring,81%,%70,University A
EA0578,SA033,CA002,2019,Fall,Ninety,"0,54",University A
EA0579,SA008,CA010,2021,Fall,51,%66,University A
EA0580,SA016,CA001,2020,Fall,65,0.75,University A
EA0581,SA041,CA008,2023,Spring,Altmış,0.95,University A
EA0582,SA032,CA013,2023,Fall,69,100%,University A
EA0583,SA070,CA003,2020,Spring,50,0.97,University A
EA0584,SA008,CA015,2022,Spring,93%,0.91,University A
EA0585,SA021,CA012,2023,Fall,69,"0,86",University A
EA0586,SA079,CA009,2021,Spring,95,"0,82",University A
EA0587,SA059,CA010,2021,Fall,50,%76,University A
EA0588,SA098,CA007,2023,Fall,51,74%,University A
EA0589,SA050,CA003,2019,Fall,79,67%,University A
EA0590,SA025,CA002,2023,Spring,64%,"0,74",University A
EA0591,SA001,CA004,2022,Fall,Doksan,"0,82",University A
EA0592,SA009,CA010,2020,Fall,86%,94%,University A
EA0593,SA088,CA009,2022,Fall,77,79%,University A
EA0594,SA067,CA013,2019,Fall,84,0.65,University A
EA0595,SA095,CA004,2022,Fall,60%,%80,University A
EA0596,SA004,CA010,2021,Spring,80%,"0,9",University A
EA0597,SA010,CA013,2023,Spring,98,52%,University A
EA0598,SA089,CA002,2020,Fall,89,85%,University A
EA0599,SA049,CA007,2019,Spring,64,0.72,University A
EA0600,SA044,CA011,2019,Spring,83,"0,79",University A
EA0601,SA074,CA003,2023,Spring,96,"0,57",University A
EA0602,SA040,CA010,2022,Spring,Doksan,71%,University A
EA0603,SA002,CA009,2023,Fall,53,"0,6",University A
EA0604,SA009,CA006,2020,Spring,88%,71%,University A
EA0605,SA054,CA006,2020,Fall,79,"0,84",University A
EA0606,SA031,CA008,2021,Spring,61%,"0,68",University A
EA0607,SA038,CA008,2020,Spring,62%,96%,University A
EA0608,SA071,CA004,2020,Fall,51,0.91,University A
EA0609,SA044,CA015,2020,Spring,Ninety,0.96,University A
EA0610,SA016,CA003,2020,Fall,74%,0.66,University A
EA0611,SA098,CA010,2023,Fall,100%,%58,University A
EA0612,SA027,CA012,2019,Spring,60,%73,University A
EA0613,SA067,CA008,2020,Spring,94,%87,University A
EA0614,SA082,CA015,2023,Fall,Ninety,"0,65",University A
EA0615,SA048,CA005,2023,Fall,68%,82%,University A
EA0616,SA055,CA008,2022,Spring,81%,0.69,University A
EA0617,SA046,CA015,2019,Spring,82,0.89,University A
EA0618,SA047,CA001,2023,Fall,93%,"0,9",University A
EA0619,SA091,CA010,2020,Spring,72,0.96,University A
EA0620,SA061,CA011,2023,Fall,Ninety,%85,University A
EA0621,SA093,CA014,2022,Spring,62,%78,University A
EA0622,SA072,CA001,2021,Fall,86,"0,82",University A
EA0623,SA054,CA007,2022,Spring,70,%86,University A
EA0624,SA049,CA004,2022,Fall,84,0.66,University A
EA0625,SA022,CA002,2023,Fall,Doksan,"0,95",University A
EA0626,SA030,CA005,2023,Fall,79,"0,92",University A
EA0627,SA015,CA003,2023,Spring,Eighty,%92,University A
EA0628,SA021,CA010,2023,Spring,95,0.63,University A
EA0629,SA052,CA010,2020,Spring,86,79%,University A
EA0630,SA051,CA010,2020,Spring,96,0.72,University A
EA0631,SA051,CA012,2019,Fall,90%,"0,53",University A
EA0632,SA064,CA007,2023,Fall,98%,0.7,University A
EA0633,SA060,CA001,2019,Spring,Seventy,"0,51",University A
EA0634,SA042,CA011,2022,Spring,Eighty,"0,71",University A
EA0635,SA022,CA014,2019,Fall,84,50%,University A
EA0636,SA020,CA008,2021,Fall,Eighty,0.72,University A
EA0637,SA050,CA012,2021,Spring,53,"0,96",University A
EA0638,SA012,CA001,2022,Fall,50,"0,93",University A
EA0639,SA006,CA007,2023,Fall,Seventy,0.81,University A
EA0640,SA030,CA004,2019,Spring,50%,64%,University A
EA0641,SA084,CA010,2021,Fall,69,"0,55",University A
EA0642,SA033,CA002,2023,Spring,Altmış,%70,University A
EA0643,SA009,CA006,2019,Spring,Doksan,0.75,University A
EA0644,SA079,CA013,2019,Spring,65,"0,68",University A
EA0645,SA049,CA004,2019,Fall,78%,0.57,University A
EA0646,SA067,CA013,2022,Spring,64%,"0,6",University A
EA0647,SA088,CA012,2020,Spring,83,"0,74",University A
EA0648,SA027,CA003,2019,Fall,Doksan,"0,71",University A
EA0649,SA093,CA004,2020,Spring,65%,%67,University A
EA0650,SA011,CA006,2022,Spring,77,0.87,University A
EA0651,SA098,CA007,2022,Fall,Seventy,74%,University A
EA0652,SA059,CA005,2022,Spring,95,50%,University A
EA0653,SA063,CA007,2022,Spring,74%,0.81,University A
EA0654,SA050,CA015,2023,Fall,66%,0.75,University A
EA0655,SA084,CA007,2022,Fall,65,%88,University A
EA0656,SA088,CA003,2021,Fall,88,%74,University A
EA0657,SA091,CA010,2019,Fall,77%,74%,University A
EA0658,SA094,CA007,2019,Fall,Doksan,97%,University A
EA0659,SA001,CA003,2022,Fall,94,"0,82",University A
EA0660,SA023,CA006,2020,Fall,62,0.72,University A
EA0661,SA096,CA003,2020,Spring,76,%55,University A
EA0662,SA016,CA005,2019,Spring,80,0.83,University A
EA0663,SA086,CA010,2019,Fall,50,%67,University A
EA0664,SA061,CA013,2021,Spring,93%,%75,University A
EA0665,SA079,CA001,2021,Spring,94,0.86,University A
EA0666,SA068,CA005,2020,Spring,92,50%,University A
EA0667,SA003,CA011,2021,Fall,Seventy,0.8,University A
EA0668,SA045,CA007,2022,Fall,Altmış,0.85,University A
EA0669,SA017,CA008,2019,Spring,60,"0,74",University A
EA0670,SA028,CA003,2019,Fall,70,%92,University A
EA0671,SA086,CA002,2020,Spring,55,%97,University A
EA0672,SA084,CA011,2023,Spring,66%,"0,54",University A
EA0673,SA096,CA002,2023,Spring,58,%74,University A
EA0674,SA041,CA013,2021,Fall,83,"0,76",University A
EA0675,SA038,CA014,2020,Spring,59%,94%,University A
EA0676,SA040,CA009,2019,Spring,Doksan,74%,University A
EA0677,SA020,CA014,2020,Fall,61,0.86,University A
EA0678,SA071,CA007,2021,Spring,98,"0,76",University A
EA0679,SA090,CA014,2023,Spring,56,"0,85",University A
EA0680,SA074,CA003,2022,Spring,Ninety,0.86,University A
EA0681,SA087,CA013,2020,Spring,53%,53%,University A
EA0682,SA076,CA007,2020,Spring,65,%91,University A
EA0683,SA100,CA012,2019,Spring,90,%57,University A
EA0684,SA083,CA011,2023,Fall,86,"0,87",University A
EA0685,SA050,CA008,2022,Spring,86,%61,University A
EA0686,SA090,CA001,2022,Spring,54,"0,6",University A
EA0687,SA077,CA012,2020,Fall,85,60%,University A
EA0688,SA097,CA001,2019,Fall,Seventy,50%,University A
EA0689,SA006,CA009,2021,Spring,81%,"0,98",University A
EA0690,SA089,CA002,2019,Fall,Ninety,63%,University A
EA0691,SA036,CA003,2023,Spring,66,79%,University A
EA0692,SA087,CA007,2020,Fall,Seventy,"0,78",University A
EA0693,SA054,CA014,2020,Spring,Altmış,%93,University A
EA0694,SA009,CA006,2019,Spring,59%,0.5,University A
EA0695,SA016,CA003,2023,Spring,56%,0.84,University A
EA0696,SA007,CA003,2021,Spring,93,"0,56",University A
EA0697,SA085,CA003,2020,Spring,53%,%76,University A
EA0698,SA024,CA008,2021,Spring,Seventy,69%,University A
EA0699,SA012,CA011,2019,Fall,96,%50,University A
EA0700,SA087,CA009,2020,Spring,81,%50,University A
EA0701,SA090,CA009,2021,Fall,97,"0,97",University A
EA0702,SA023,CA002,2021,Fall,77,"0,68",University A
EA0703,SA070,CA014,2019,Spring,Altmış,75%,University A
EA0704,SA083,CA009,2019,Spring,89,0.8,University A
EA0705,SA045,CA015,2020,Spring,77,0.6,University A
EA0706,SA063,CA001,2020,Spring,75%,0.68,University A
EA0707,SA057,CA011,2022,Fall,58,"0,93",University A
EA0708,SA037,CA001,2020,Spring,Seventy,%57,University A
EA0709,SA063,CA009,2022,Fall,96,"0,97",University A
EA0710,SA020,CA006,2023,Fall,53%,%77,University A
EA0711,SA038,CA005,2022,Fall,Altmış,0.86,University A
EA0712,SA034,CA012,2020,Spring,62,"0,75",University A
EA0713,SA030,CA002,2020,Spring,59,%74,University A
EA0714,SA068,CA005,2020,Fall,53,67%,University A
EA0715,SA045,CA012,2022,Fall,70,%68,University A
EA0716,SA036,CA015,2023,Fall,66%,"0,55",University A
EA0717,SA043,CA006,2021,Spring,87,0.54,University A
EA0718,SA006,CA010,2020,Fall,56%,"0,73",University A
EA0719,SA006,CA003,2020,Spring,98%,%57,University A
EA0720,SA009,CA008,2022,Fall,Doksan,"0,97",University A
EA0721,SA095,CA014,2022,Spring,Doksan,%99,University A
EA0722,SA052,CA010,2021,Fall,Eighty,%82,University A
EA0723,SA065,CA012,2023,Spring,68%,"0,58",University A
EA0724,SA038,CA001,2020,Spring,Seventy,57%,University A
EA0725,SA081,CA010,2021,Spring,Doksan,0.7,University A
EA0726,SA046,CA004,2021,Fall,66,"0,84",University A
EA0727,SA057,CA004,2021,Spring,98,96%,University A
EA0728,SA019,CA015,2022,Fall,Ninety,96%,University A
EA0729,SA003,CA005,2020,Fall,Doksan,0.54,University A
EA0730,SA093,CA009,2020,Fall,88,"0,51",University A
EA0731,SA032,CA013,2019,Spring,59,0.97,University A
EA0732,SA026,CA003,2022,Spring,Seventy,0.62,University A
EA0733,SA003,CA014,2019,Fall,82,%64,University A
EA0734,SA050,CA003,2021,Spring,64,64%,University A
EA0735,SA046,CA002,2023,Spring,Seventy,%61,University A
EA0736,SA020,CA015,2021,Spring,67%,0.96,University A
EA0737,SA020,CA013,2020,Spring,96,77%,University A
EA0738,SA019,CA002,2021,Fall,70,76%,University A
EA0739,SA018,CA013,2020,Spring,84,%55,University A
EA0740,SA068,CA010,2020,Fall,65,0.68,University A
EA0741,SA045,CA006,2020,Spring,Ninety,0.6,University A
EA0742,SA090,CA012,2020,Spring,94%,%54,University A
EA0743,SA077,CA014,2020,Fall,Seventy,"0,78",University A
EA0744,SA061,CA012,2020,Spring,71,"0,84",University A
EA0745,SA008,CA015,2019,Fall,75,85%,University A
EA0746,SA074,CA009,2021,Fall,55,0.98,University A
EA0747,SA029,CA007,2020,Fall,70,%91,University A
EA0748,SA025,CA005,2019,Fall,88%,0.51,University A
EA0749,SA028,CA010,2019,Spring,62,0.62,University A
EA0750,SA073,CA013,2022,Fall,53,"0,87",University A
EA0751,SA041,CA013,2022,Spring,58,%87,University A
EA0752,SA062,CA010,2019,Spring,60,"0,55",University A
EA0753,SA088,CA011,2020,Fall,96%,%73,University A
EA0754,SA006,CA015,2022,Fall,Doksan,"0,99",University A
EA0755,SA099,CA014,2021,Fall,Eighty,67%,University A
EA0756,SA046,CA002,2019,Fall,66%,%57,University A
EA0757,SA006,CA006,2021,Spring,58,0.68,University A
EA0758,SA088,CA007,2023,Spring,66,"0,62",University A
EA0759,SA014,CA005,2022,Fall,64,%79,University A
EA0760,SA083,CA009,2022,Fall,56,71%,University A
EA0761,SA044,CA010,2022,Fall,67,"0,58",University A
EA0762,SA041,CA010,2019,Spring,77,%98,University A
EA0763,SA035,CA005,2020,Fall,59,"0,85",University A
EA0764,SA086,CA015,2021,Fall,77%,%80,University A
EA0765,SA069,CA012,2020,Spring,Doksan,89%,University A
EA0766,SA086,CA014,2021,Fall,59%,0.56,University A
EA0767,SA058,CA014,2020,Spring,Doksan,"0,59",University A
EA0768,SA077,CA007,2020,Spring,63,0.68,University A
EA0769,SA090,CA008,2022,Spring,84,%61,University A
EA0770,SA055,CA006,2020,Fall,68,0.81,University A
EA0771,SA012,CA011,2019,Spring,56,52%,University A
EA0772,SA054,CA004,2020,Spring,62,%79,University A
EA0773,SA083,CA012,2022,Fall,82%,"0,63",University A
EA0774,SA001,CA015,2022,Fall,59%,97%,University A
EA0775,SA043,CA003,2023,Spring,62,"0,89",University A
EA0776,SA082,CA007,2020,Spring,Doksan,%57,University A
EA0777,SA098,CA011,2021,Fall,70,0.71,University A
EA0778,SA080,CA012,2023,Fall,Altmış,"0,81",University A
EA0779,SA031,CA011,2020,Spring,96,"0,82",University A
EA0780,SA081,CA001,2023,Fall,57,0.57,University A
EA0781,SA064,CA014,2021,Fall,75,"0,74",University A
EA0782,SA088,CA007,2022,Spring,60%,0.5,University A
EA0783,SA016,CA006,2021,Spring,Doksan,0.76,University A
EA0784,SA069,CA001,2023,Fall,63,"0,61",University A
EA0785,SA035,CA005,2022,Fall,95%,%82,University A
EA0786,SA025,CA005,2020,Fall,75%,%81,University A
EA0787,SA058,CA007,2023,Spring,88,0.71,University A
EA0788,SA058,CA003,2019,Spring,68%,"0,56",University A
EA0789,SA046,CA004,2019,Fall,73%,50%,University A
EA0790,SA028,CA008,2023,Spring,54%,56%,University A
EA0791,SA092,CA010,2019,Spring,Altmış,81%,University A
EA0792,SA054,CA002,2019,Spring,87,0.62,University A
EA0793,SA060,CA005,2020,Spring,83%,56%,University A
EA0794,SA036,CA006,2021,Spring,70,%79,University A
EA0795,SA083,CA015,2019,Spring,89,%94,University A
EA0796,SA029,CA003,2019,Fall,96,57%,University A
EA0797,SA010,CA005,2021,Spring,87,%98,University A
EA0798,SA082,CA008,2019,Fall,92%,64%,University A
EA0799,SA099,CA005,2019,Spring,Ninety,"0,54",University A
EA0800,SA002,CA011,2020,Spring,81%,83%,University A
