student_id,first_name,last_name,gender,birth_date,department_id,gpa,university
SA001,Deniz,Yalçın,M,22/06/2004,DA1,Three,University A
SA002,Ayşe,Kaya,F,2002/04/06,DA4,Three,University A
SA003,Zeynep,Kaya,Other,2000-12-29,DA5,"3,01",University A
SA004,Mehmet,Koç,M,97-02-30,DA3,"3,47",University A
SA005,Ali,Aydın,M,2001-01-01,DA2,Three,University A
SA006,Elif,Koç,M,05-03-18,DA2,Four,University A
SA007,Fatma,Şahin,Other,04-07-22,DA5,"2,42",University A
SA008,Fatma,Koç,F,2006-06-23,DA1,"2,75",University A
SA009,Eren,Yılmaz,M,2000-02-30,DA5,2.48,University A
SA010,Deniz,Yılmaz,Other,2004/01/09,DA3,"2,75",University A
SA011,Ali,Şahin,Other,18/07/2006,DA5,Three,University A
SA012,Deniz,Öztürk,Other,25/03/2000,DA3,Four,University A
SA013,Ali,Yalçın,M,2003-06-25,DA1,Three,University A
SA014,Elif,Çelik,F,2004-05-12,DA1,Four,University A
SA015,Mehmet,Demir,Other,97-02-30,DA3,"3,15",University A
SA016,Fatma,Kaya,Other,01-06-30,DA3,2.83,University A
SA017,Elif,Kaya,F,2001-10-16,DA5,3.05,University A
SA018,Ayşe,Çelik,F,1998-10-04,DA3,"2,75",University A
SA019,Elif,Öztürk,F,2000-02-30,DA2,"3,53",University A
SA020,Ayşe,Yılmaz,Other,2002/11/01,DA4,2.78,University A
SA021,Deniz,Yılmaz,F,2002/07/08,DA1,"2,75",University A
SA022,Mehmet,Polat,F,01-02-14,DA2,Four,University A
SA023,Ayşe,Çelik,Other,2004-01-24,DA1,"3,61",University A
SA024,Ahmet,Koç,M,00-05-25,DA1,"2,75",University A
SA025,Can,Koç,M,2000-02-30,DA2,2.36,University A
SA026,Eren,Öztürk,F,2006/05/22,DA1,Four,University A
SA027,Mehmet,Çelik,Other,25/11/1998,DA1,"3,28",University A
SA028,Ahmet,Yılmaz,Other,2001-13-01,DA5,Four,University A
SA029,Fatma,Aydın,M,2000/04/16,DA2,Three,University A
SA030,Merve,Aydın,F,98-02-08,DA5,3.9,University A
SA031,Fatma,Kaya,Other,22/12/2000,DA3,Three,University A
SA032,Can,Demir,M,2000/00/10,DA5,Four,University A
SA033,Ali,Öztürk,M,2005-06-10,DA2,Four,University A
SA034,Mehmet,Şahin,M,13/10/2004,DA3,Three,University A
SA035,Fatma,Koç,M,2007-06-28,DA1,3.21,University A
SA036,Ali,Aydın,F,2005/02/22,DA2,"2,75",University A
SA037,Fatma,Çelik,F,05/11/1998,DA5,Four,University A
SA038,Mehmet,Polat,F,1998/06/21,DA3,3.71,University A
SA039,Zeynep,Kaya,Other,2000-10-19,DA3,"2,75",University A
SA040,Eren,Demir,F,28/10/1999,DA4,Three,University A
SA041,Ahmet,Kaya,M,1999-10-15,DA4,"3,63",University A
SA042,Elif,Koç,M,04/06/2001,DA2,Three,University A
SA043,Can,Yılmaz,M,2000-02-30,DA5,Three,University A
SA044,Mehmet,Yalçın,M,1998-06-06,DA5,Three,University A
SA045,Ahmet,Yalçın,Other,99-04-19,DA5,"2,75",University A
SA046,Ali,Öztürk,Other,14/09/2005,DA3,Three,University A
SA047,Eren,Aydın,Other,2007-07-06,DA3,Three,University A
SA048,Ahmet,Şahin,Other,06/06/1999,DA4,"2,72",University A
SA049,Eren,Yalçın,M,2001-13-01,DA3,Four,University A
SA050,Eren,Aydın,M,02-12-15,DA2,"3,51",University A
SA051,Deniz,Yılmaz,M,2000/00/10,DA1,Three,University A
SA052,Elif,Kaya,F,1998-04-11,DA2,3.87,University A
SA053,Merve,Polat,Other,15/06/2004,DA4,2.94,University A
SA054,Ayşe,Polat,F,2000-02-30,DA1,3.06,University A
SA055,Merve,Demir,M,2000/00/10,DA4,Four,University A
SA056,Ahmet,Öztürk,M,99-10-14,DA4,Three,University A
SA057,Fatma,Koç,Other,2000/09/06,DA4,Three,University A
SA058,Zeynep,Aydın,Other,27/11/1998,DA2,"3,32",University A
SA059,Ayşe,Polat,M,2000-02-30,DA4,"2,75",University A
SA060,Eren,Çelik,Other,02-04-08,DA1,"2,75",University A
SA061,Ahmet,Öztürk,Other,97-02-30,DA4,2.42,University A
SA062,Ahmet,Aydın,Other,05-08-13,DA2,Four,University A
SA063,Fatma,Çelik,M,2001-13-01,DA1,"2,75",University A
SA064,Mehmet,Çelik,M,2002/04/02,DA2,"2,75",University A
SA065,Can,Polat,M,2007-05-13,DA4,Three,University A
SA066,Elif,Yılmaz,Other,1998-06-14,DA2,"2,04",University A
SA067,Elif,Demir,M,2005-07-05,DA5,Three,University A
SA068,Zeynep,Demir,Other,2004-10-23,DA2,3.83,University A
SA069,Can,Yalçın,Other,02-03-18,DA2,"3,31",University A
SA070,Ayşe,Şahin,Other,2004-09-25,DA5,"2,75",University A
SA071,Deniz,Aydın,F,2003/09/04,DA1,3.61,University A
SA072,Ahmet,Aydın,Other,07-04-18,DA2,Three,University A
SA073,Eren,Öztürk,M,03-03-20,DA5,2.51,University A
SA074,Can,Koç,F,06-06-01,DA5,3.16,University A
SA075,Merve,Aydın,F,21/06/2003,DA3,Four,University A
SA076,Gizem,Şahin,Other,97-02-30,DA1,Four,University A
SA077,Elif,Koç,Other,05-12-25,DA4,"2,18",University A
SA078,Ahmet,Kaya,M,2000/00/10,DA4,Four,University A
SA079,Zeynep,Aydın,Other,2003/02/02,DA3,"2,23",University A
SA080,Zeynep,Yılmaz,Other,04/01/2004,DA2,Four,University A
SA081,Fatma,Yalçın,M,16/02/1999,DA3,2.43,University A
SA082,Gizem,Öztürk,F,2001-01-28,DA1,"3,33",University A
SA083,Deniz,Koç,F,2000/00/10,DA4,2.91,University A
SA084,Can,Koç,F,2007-03-22,DA4,2.93,University A
SA085,Mehmet,Demir,Other,2001-05-29,DA2,Four,University A
SA086,Eren,Yalçın,F,2000-02-30,DA4,Four,University A
SA087,Ahmet,Şahin,Other,2004-12-18,DA5,"2,19",University A
SA088,Deniz,Kaya,M,2005-05-29,DA2,"3,05",University A
SA089,Ali,Polat,M,2000-02-30,DA3,Three,University A
SA090,Gizem,Koç,F,16/09/2005,DA3,"3,19",University A
SA091,Ahmet,Yılmaz,Other,09/07/2000,DA3,"2,14",University A
SA092,Can,Yalçın,Other,2000/00/10,DA4,"2,75",University A
SA093,Can,Öztürk,Other,03-07-16,DA1,Three,University A
SA094,Eren,Şahin,F,10/01/1999,DA5,Three,University A
SA095,Eren,Çelik,F,2000-02-30,DA3,"2,75",University A
SA096,Ayşe,Koç,M,2002/07/31,DA3,Three,University A
SA097,Ahmet,Koç,M,05-06-06,DA5,Three,University A
SA098,Zeynep,Yılmaz,M,2003-10-09,DA5,Four,University A
SA099,Zeynep,Yalçın,M,05-01-05,DA1,Three,University A
SA100,Merve,Koç,F,97-02-30,DA2,"2,75",University A
